"","category","percent_tot","se"
"1","Algae",31.7583333333333,5.51054716434812
"2","Bare substrate",35.125,4.26797668690915
"3","Sea grass",32.6416666666667,6.21524833523866
"4","Sponges & soft coral",0.0333333333333333,0.0224733287487747
"5","Stony coral",0.441666666666667,0.238193432132608
