"","category","percent_tot","se"
"1","Algae",41.9666666666667,5.94829574098516
"2","Bare substrate",28.8333333333333,2.78080723691681
"3","Seagrass",26.8166666666667,4.5914927371777
"4","Sponges & soft coral",1.68333333333333,0.777049261987653
"5","Stony coral",0.7,0.218326971917504
