"","category","abundance_mean","se"
"1","Invertebrate",8,4.15187851918806
"2","Sponges & soft coral",6.14285714285714,3.37659007642587
"3","Stony coral",45,6.13343685212847
