"","func_group","density_mean","se"
"1","Carnivores",18.7037037037037,4.92380210411566
"2","Herbivores",10.5555555555556,3.77123616632825
"3","Omnivores",3.14814814814815,0.789592800197327
