"","category","percent_tot","se"
"1","Algae",9.15294117647059,1.26280066252126
"2","Bare substrate",19.3882352941176,2.62893029763132
"3","Sea grass",71.4588235294118,2.40288297623137
